customer_id,first_name,last_name,age,email,account_value
9001,Samantha,Phillips,52,samantha.phillips@hotmail.com,177447.13
9002,Andrew,Butler,55,andrew.butler@hotmail.com,87792.03
9003,Heather,Foster,28,heather.foster@outlook.com,83597.37
9004,Jose,Garcia,60,jose.garcia@hotmail.com,152233.8
9005,Nicole,Cole,64,nicole.cole@yahoo.com,114089.14
9006,Tiffany,Warren,45,tiffany.warren@company.com,68605.96
9007,Cameron,Carter,63,cameron.carter@hotmail.com,207135.44
9008,Kyle,Jordan,62,kyle.jordan@company.com,208443.04
9009,Joshua,Jenkins,69,joshua.jenkins@company.com,204421.76
9010,Ian,Ross,30,ian.ross@outlook.com,157212.83
9011,Victoria,Butler,50,victoria.butler@gmail.com,140607.39
9012,Joshua,Dixon,31,joshua.dixon@hotmail.com,244862.13
9013,John,Collins,63,john.collins@hotmail.com,142095.06
9014,Cynthia,Howard,51,cynthia.howard@gmail.com,87809.28
9015,Courtney,Ellis,43,courtney.ellis@gmail.com,190551.84
9016,Rebecca,Mills,32,rebecca.mills@enterprise.com,105813.0
9017,Sierra,Reynolds,66,sierra.reynolds@outlook.com,146694.88
9018,Brian,Nichols,54,brian.nichols@hotmail.com,91656.29
9019,Amber,Allen,41,amber.allen@outlook.com,82187.88
9020,Hunter,Hamilton,43,hunter.hamilton@hotmail.com,41527.13
9021,Brenda,Wright,26,brenda.wright@outlook.com,154212.41
9022,Noah,Ellis,67,noah.ellis@gmail.com,73608.32
9023,Jennifer,Gray,59,jennifer.gray@hotmail.com,239291.37
9024,Alexis,Ferguson,65,alexis.ferguson@yahoo.com,200642.82
9025,Andrea,Wells,53,andrea.wells@company.com,109272.29
9026,Trevor,Grant,52,trevor.grant@outlook.com,225091.5
9027,Chase,Hicks,61,chase.hicks@enterprise.com,209568.36
9028,Timothy,Johnson,28,timothy.johnson@gmail.com,221880.28
9029,Eric,Cook,60,eric.cook@yahoo.com,128275.09
9030,Anna,Hill,35,anna.hill@company.com,201553.99
9031,Cynthia,Brooks,52,cynthia.brooks@outlook.com,143430.88
9032,Victoria,Mitchell,43,victoria.mitchell@yahoo.com,33976.4
9033,Austin,Phillips,36,austin.phillips@yahoo.com,84297.08
9034,Chase,Gibson,61,chase.gibson@hotmail.com,203198.58
9035,Amanda,Peterson,45,amanda.peterson@hotmail.com,20624.6
9036,Joshua,Davis,52,joshua.davis@gmail.com,112496.12
9037,Jason,Long,48,jason.long@gmail.com,56843.3
9038,Jason,Freeman,56,jason.freeman@hotmail.com,29270.63
9039,Devin,Lewis,55,devin.lewis@yahoo.com,195763.32
9040,Stephanie,Butler,67,stephanie.butler@hotmail.com,246139.94
9041,Cole,Palmer,55,cole.palmer@gmail.com,30464.66
9042,Benjamin,Barnes,46,benjamin.barnes@outlook.com,206384.03
9043,Donna,Gordon,26,donna.gordon@company.com,103735.92
9044,Anna,Collins,42,anna.collins@yahoo.com,205611.51
9045,Nicole,Ortiz,45,nicole.ortiz@gmail.com,234106.18
9046,Andrea,Ramirez,50,andrea.ramirez@company.com,100881.38
9047,Brooke,Wilson,44,brooke.wilson@enterprise.com,22518.04
9048,Tyler,Hughes,51,tyler.hughes@company.com,66257.9
9049,Jordan,Ramirez,50,jordan.ramirez@enterprise.com,136372.14
9050,Jose,Crawford,45,jose.crawford@yahoo.com,112143.35
9051,Jeffrey,Bryant,56,jeffrey.bryant@enterprise.com,23043.72
9052,Trevor,Nichols,63,trevor.nichols@gmail.com,52306.6
9053,Jonathan,Green,43,jonathan.green@outlook.com,117550.46
9054,Mason,Hernandez,66,mason.hernandez@outlook.com,133175.55
9055,Lucas,Carter,41,lucas.carter@company.com,35925.98
9056,Nathan,Miller,59,nathan.miller@gmail.com,23048.92
9057,Andrew,James,65,andrew.james@company.com,76763.85
9058,Kelsey,Robinson,53,kelsey.robinson@yahoo.com,19146.64
9059,Brandon,Nguyen,30,brandon.nguyen@enterprise.com,44806.18
9060,Tiffany,Alexander,45,tiffany.alexander@gmail.com,66054.73
9061,Steven,Morales,45,steven.morales@outlook.com,142939.26
9062,Tiffany,Porter,59,tiffany.porter@outlook.com,140863.52
9063,Sierra,Cruz,57,sierra.cruz@enterprise.com,129982.24
9064,Brian,Baker,50,brian.baker@company.com,34879.29
9065,Adam,Cruz,24,adam.cruz@hotmail.com,87366.76
9066,Logan,Cook,49,logan.cook@hotmail.com,73219.99
9067,Destiny,Carter,64,destiny.carter@gmail.com,47076.25
9068,Kelsey,Graham,70,kelsey.graham@outlook.com,77628.89
9069,Patrick,Daniels,65,patrick.daniels@company.com,126710.02
9070,Jessica,Hill,63,jessica.hill@hotmail.com,106174.04
9071,David,Johnson,59,david.johnson@gmail.com,191836.88
9072,Jose,Baker,24,jose.baker@gmail.com,240140.09
9073,Sydney,Mcdonald,54,sydney.mcdonald@outlook.com,219911.33
9074,Adam,Bailey,57,adam.bailey@outlook.com,170701.35
9075,Blake,Cruz,41,blake.cruz@company.com,236755.56
9076,Carol,Porter,37,carol.porter@enterprise.com,18284.29
9077,Daniel,Burns,32,daniel.burns@enterprise.com,99388.44
9078,Gabrielle,Hernandez,55,gabrielle.hernandez@gmail.com,249181.42
9079,Natalie,Webb,28,natalie.webb@outlook.com,137065.46
9080,Danielle,Howard,39,danielle.howard@company.com,105591.98
9081,Anna,Johnson,40,anna.johnson@gmail.com,108803.94
9082,Samuel,Dixon,54,samuel.dixon@outlook.com,165910.22
9083,Courtney,Warren,22,courtney.warren@yahoo.com,224895.57
9084,Cynthia,Carter,29,cynthia.carter@enterprise.com,106598.85
9085,Danielle,Smith,32,danielle.smith@company.com,28860.08
9086,Sarah,Edwards,30,sarah.edwards@gmail.com,200426.57
9087,Adam,Gonzalez,22,adam.gonzalez@yahoo.com,167568.18
9088,Melissa,Cruz,54,melissa.cruz@yahoo.com,156012.91
9089,Kayla,Long,54,kayla.long@outlook.com,153823.43
9090,Timothy,Flores,57,timothy.flores@enterprise.com,180067.99
9091,Austin,Ferguson,29,austin.ferguson@gmail.com,75679.25
9092,Jennifer,Perry,36,jennifer.perry@outlook.com,176521.86
9093,Sarah,Young,30,sarah.young@company.com,150007.02
9094,Cynthia,Smith,46,cynthia.smith@gmail.com,35700.63
9095,Allison,Ramos,40,allison.ramos@gmail.com,186081.63
9096,Crystal,Peterson,70,crystal.peterson@company.com,246670.42
9097,Sydney,Burns,67,sydney.burns@hotmail.com,28367.04
9098,Cameron,Parker,69,cameron.parker@outlook.com,202581.92
9099,Caleb,Phillips,22,caleb.phillips@yahoo.com,168652.55
9100,Ian,Scott,33,ian.scott@hotmail.com,151118.1
9101,Brenda,Peterson,24,brenda.peterson@hotmail.com,212331.23
9102,Paige,Griffin,41,paige.griffin@company.com,171854.13
9103,Gregory,Clark,48,gregory.clark@yahoo.com,189016.05
9104,Kevin,Bailey,33,kevin.bailey@yahoo.com,49412.02
9105,Michelle,Murphy,27,michelle.murphy@company.com,216656.27
9106,Gregory,Cox,70,gregory.cox@enterprise.com,246026.94
9107,Katherine,Torres,49,katherine.torres@hotmail.com,47063.95
9108,William,Garcia,68,william.garcia@gmail.com,33646.53
9109,Sarah,Hernandez,58,sarah.hernandez@company.com,52712.93
9110,Alexis,Foster,50,alexis.foster@hotmail.com,143992.68
9111,Brittany,Hamilton,24,brittany.hamilton@gmail.com,90367.89
9112,Ian,Price,30,ian.price@yahoo.com,209037.36
9113,Samantha,Woods,70,samantha.woods@company.com,81796.96
9114,Donna,Hunt,23,donna.hunt@company.com,212611.57
9115,Ian,Collins,42,ian.collins@yahoo.com,152240.29
9116,Tiffany,Rivera,41,tiffany.rivera@enterprise.com,108283.99
9117,Melissa,Gonzales,60,melissa.gonzales@yahoo.com,39633.9
9118,Sarah,Grant,45,sarah.grant@enterprise.com,40730.41
9119,Colin,Griffin,70,colin.griffin@gmail.com,88964.35
9120,Nicholas,West,53,nicholas.west@outlook.com,189755.12
9121,Jeffrey,Webb,24,jeffrey.webb@hotmail.com,34133.86
9122,Jessica,Bryant,47,jessica.bryant@company.com,53077.71
9123,Trevor,Watson,32,trevor.watson@yahoo.com,191645.58
9124,Nicole,Fisher,52,nicole.fisher@gmail.com,101136.96
9125,Ian,Bailey,25,ian.bailey@yahoo.com,205471.01
9126,John,Mitchell,65,john.mitchell@outlook.com,87288.44
9127,Rachel,Wells,39,rachel.wells@gmail.com,129931.61
9128,Hunter,Hunt,43,hunter.hunt@company.com,37752.08
9129,Vanessa,Allen,24,vanessa.allen@company.com,166513.04
9130,Brittany,Lee,32,brittany.lee@company.com,22619.55
9131,Noah,Palmer,40,noah.palmer@yahoo.com,206662.46
9132,Vanessa,Barnes,42,vanessa.barnes@outlook.com,174390.66
9133,Paige,Harrison,27,paige.harrison@company.com,132173.12
9134,Hunter,Martinez,32,hunter.martinez@gmail.com,32946.49
9135,Kelsey,Knight,66,kelsey.knight@yahoo.com,74259.84
9136,Tiffany,Parker,67,tiffany.parker@outlook.com,60966.71
9137,Cole,Ward,41,cole.ward@enterprise.com,67861.81
9138,Crystal,Martinez,27,crystal.martinez@gmail.com,69948.53
9139,Melissa,Martinez,62,melissa.martinez@yahoo.com,111860.68
9140,Adam,Ward,64,adam.ward@outlook.com,24806.97
9141,Kenneth,Cole,28,kenneth.cole@company.com,221901.34
9142,Heather,Parker,43,heather.parker@enterprise.com,43698.23
9143,Mariah,Hamilton,40,mariah.hamilton@outlook.com,238448.66
9144,William,Rice,35,william.rice@company.com,181203.2
9145,Samuel,Knight,53,samuel.knight@gmail.com,142417.81
9146,Natalie,Rogers,69,natalie.rogers@gmail.com,171294.08
9147,Taylor,Shaw,54,taylor.shaw@gmail.com,179521.19
9148,Blake,Reed,53,blake.reed@outlook.com,101872.52
9149,Steven,Scott,52,steven.scott@yahoo.com,64567.92
9150,Samuel,Smith,36,samuel.smith@gmail.com,44554.51
9151,Allison,Hall,38,allison.hall@company.com,199021.68
9152,Tyler,Murray,39,tyler.murray@yahoo.com,111292.97
9153,Sarah,Bryant,66,sarah.bryant@gmail.com,191609.26
9154,Andrea,Woods,70,andrea.woods@enterprise.com,57692.6
9155,Jessica,Smith,52,jessica.smith@enterprise.com,74995.79
9156,Chase,Barnes,29,chase.barnes@outlook.com,108057.17
9157,Patrick,Gonzales,48,patrick.gonzales@yahoo.com,43563.01
9158,Matthew,Tucker,35,matthew.tucker@outlook.com,46831.16
9159,Samuel,Jordan,48,samuel.jordan@yahoo.com,192805.68
9160,Colin,West,68,colin.west@gmail.com,187923.62
9161,Rebecca,Powell,67,rebecca.powell@hotmail.com,84308.03
9162,Mason,Coleman,36,mason.coleman@company.com,248070.43
9163,Cole,Jenkins,66,cole.jenkins@gmail.com,223423.2
9164,Cole,Sanders,49,cole.sanders@outlook.com,114677.57
9165,Melissa,Robinson,66,melissa.robinson@outlook.com,20449.24
9166,Benjamin,Campbell,39,benjamin.campbell@enterprise.com,110732.38
9167,Amber,Bennett,37,amber.bennett@gmail.com,68324.28
9168,Eric,Knight,56,eric.knight@enterprise.com,52164.83
9169,Rachel,Ford,55,rachel.ford@enterprise.com,54360.15
9170,Andrea,Owens,35,andrea.owens@hotmail.com,123537.36
9171,Tyler,Daniels,24,tyler.daniels@enterprise.com,154170.47
9172,Robert,Roberts,52,robert.roberts@yahoo.com,228769.63
9173,Rachel,Cooper,62,rachel.cooper@yahoo.com,57974.61
9174,Samantha,Peterson,51,samantha.peterson@yahoo.com,206584.78
9175,William,Crawford,22,william.crawford@company.com,63497.06
9176,Kelsey,Myers,44,kelsey.myers@hotmail.com,36306.56
9177,Michael,Griffin,57,michael.griffin@company.com,51182.77
9178,Tyler,Stewart,25,tyler.stewart@hotmail.com,59992.95
9179,Andrea,Shaw,62,andrea.shaw@hotmail.com,72240.59
9180,Faith,Baker,46,faith.baker@outlook.com,142285.47
9181,Mariah,Roberts,31,mariah.roberts@company.com,132687.14
9182,Gregory,Morales,52,gregory.morales@yahoo.com,77282.16
9183,Michelle,Mills,41,michelle.mills@enterprise.com,103302.96
9184,Brian,Turner,30,brian.turner@outlook.com,136391.73
9185,Jennifer,Gray,57,jennifer.gray@hotmail.com,50324.7
9186,Colin,Howard,56,colin.howard@enterprise.com,74517.34
9187,Paige,Parker,64,paige.parker@company.com,79467.86
9188,Ryan,Henry,31,ryan.henry@enterprise.com,178388.32
9189,Michael,Simpson,61,michael.simpson@outlook.com,129771.81
9190,Jeffrey,Peterson,68,jeffrey.peterson@gmail.com,175195.87
9191,Brenda,King,51,brenda.king@gmail.com,54388.97
9192,Donna,Woods,54,donna.woods@enterprise.com,124608.62
9193,Ian,Ellis,41,ian.ellis@hotmail.com,123778.6
9194,Melissa,Knight,61,melissa.knight@gmail.com,197931.46
9195,Carol,Nichols,47,carol.nichols@enterprise.com,37201.13
9196,Donna,Mcdonald,52,donna.mcdonald@hotmail.com,45562.58
9197,Logan,Torres,60,logan.torres@gmail.com,180763.91
9198,Jose,Tucker,50,jose.tucker@outlook.com,166222.61
9199,Victoria,Turner,54,victoria.turner@yahoo.com,24611.84
9200,Paige,Turner,65,paige.turner@hotmail.com,157961.93
9201,Timothy,Nichols,49,timothy.nichols@company.com,216808.21
9202,Brenda,Diaz,39,brenda.diaz@outlook.com,136282.21
9203,Faith,Clark,55,faith.clark@hotmail.com,51278.35
9204,Jonathan,Ramos,69,jonathan.ramos@yahoo.com,138323.89
9205,Brooke,Robinson,70,brooke.robinson@hotmail.com,167494.78
9206,Noah,Mills,41,noah.mills@gmail.com,90590.07
9207,John,Nichols,34,john.nichols@hotmail.com,230936.13
9208,Jason,Stevens,40,jason.stevens@yahoo.com,100430.74
9209,Aaron,Graham,59,aaron.graham@enterprise.com,161367.17
9210,Andrea,Ellis,39,andrea.ellis@outlook.com,102417.59
9211,Nicholas,Gibson,57,nicholas.gibson@enterprise.com,149655.75
9212,Mariah,Baker,60,mariah.baker@hotmail.com,49332.5
9213,Devin,Davis,58,devin.davis@yahoo.com,76491.19
9214,Donna,Cruz,67,donna.cruz@company.com,186493.05
9215,Cameron,Gonzales,32,cameron.gonzales@outlook.com,205205.28
9216,Nicole,Collins,46,nicole.collins@yahoo.com,132683.14
9217,Amanda,Hill,70,amanda.hill@outlook.com,182298.98
9218,Paige,Ramos,30,paige.ramos@company.com,233453.08
9219,Jasmine,Nelson,35,jasmine.nelson@enterprise.com,47024.41
9220,Alexis,Gonzales,36,alexis.gonzales@outlook.com,114995.96
9221,Vanessa,Campbell,47,vanessa.campbell@outlook.com,166584.59
9222,Crystal,Baker,62,crystal.baker@hotmail.com,83036.66
9223,Daniel,Myers,38,daniel.myers@outlook.com,226159.9
9224,Hunter,Campbell,48,hunter.campbell@gmail.com,116659.05
9225,Zachary,Henry,30,zachary.henry@company.com,56313.54
9226,Christopher,Walker,47,christopher.walker@enterprise.com,79742.79
9227,Cameron,Murphy,48,cameron.murphy@hotmail.com,236959.11
9228,Tyler,Flores,25,tyler.flores@gmail.com,249000.06
9229,Logan,Green,28,logan.green@company.com,92060.29
9230,Jordan,Garcia,30,jordan.garcia@outlook.com,224345.73
9231,Ashley,Green,22,ashley.green@company.com,176015.77
9232,Peter,Smith,22,peter.smith@company.com,225729.4
9233,Kayla,Owens,60,kayla.owens@company.com,75420.71
9234,Emma,Green,50,emma.green@hotmail.com,40832.47
9235,Jason,Kelly,39,jason.kelly@gmail.com,32383.06
9236,Peter,Price,36,peter.price@gmail.com,164878.66
9237,Gregory,Scott,43,gregory.scott@enterprise.com,112595.47
9238,Alexis,Torres,37,alexis.torres@company.com,43734.42
9239,Christina,Allen,53,christina.allen@hotmail.com,177626.72
9240,Gabrielle,Campbell,31,gabrielle.campbell@outlook.com,173906.81
9241,Donna,Green,59,donna.green@company.com,91898.3
9242,Kelsey,Burns,51,kelsey.burns@gmail.com,103430.62
9243,Jason,Robinson,22,jason.robinson@gmail.com,23248.05
9244,Kelsey,Mason,69,kelsey.mason@company.com,48786.09
9245,Nicholas,Bennett,66,nicholas.bennett@enterprise.com,185501.01
9246,Zachary,Ellis,38,zachary.ellis@hotmail.com,227655.4
9247,Kevin,Wallace,39,kevin.wallace@hotmail.com,153098.68
9248,Zachary,Simmons,59,zachary.simmons@outlook.com,202831.16
9249,Jennifer,Richardson,38,jennifer.richardson@outlook.com,170952.65
9250,Cynthia,Bennett,32,cynthia.bennett@outlook.com,186146.11
9251,Anthony,Henderson,49,anthony.henderson@yahoo.com,120993.68
9252,Kevin,Ramirez,69,kevin.ramirez@company.com,221268.84
9253,Emma,Scott,23,emma.scott@gmail.com,180140.33
9254,Allison,Sanders,61,allison.sanders@gmail.com,45734.81
9255,Sydney,Morris,47,sydney.morris@gmail.com,184884.24
9256,Victoria,Martinez,40,victoria.martinez@company.com,247236.49
9257,Jose,Stewart,23,jose.stewart@company.com,243320.95
9258,Steven,Mills,61,steven.mills@company.com,168708.98
9259,Devin,Hall,67,devin.hall@outlook.com,182293.1
9260,Amber,Black,37,amber.black@yahoo.com,64811.0
9261,Samantha,Murphy,41,samantha.murphy@enterprise.com,116620.73
9262,Sean,Knight,61,sean.knight@company.com,166554.72
9263,Melissa,Mcdonald,41,melissa.mcdonald@gmail.com,84441.3
9264,William,Griffin,35,william.griffin@hotmail.com,199465.47
9265,Benjamin,Parker,46,benjamin.parker@gmail.com,207854.78
9266,Gabrielle,Bailey,25,gabrielle.bailey@yahoo.com,115849.56
9267,Nicole,Reed,44,nicole.reed@yahoo.com,245253.68
9268,Hunter,Shaw,49,hunter.shaw@hotmail.com,137780.06
9269,Stephanie,Boyd,55,stephanie.boyd@enterprise.com,229278.53
9270,Trevor,Adams,38,trevor.adams@yahoo.com,102776.48
9271,Angela,Howard,63,angela.howard@hotmail.com,144964.81
9272,Blake,Graham,54,blake.graham@outlook.com,159372.24
9273,Nicole,Knight,51,nicole.knight@outlook.com,240369.11
9274,Jose,Nguyen,51,jose.nguyen@yahoo.com,58883.06
9275,Kayla,Simpson,67,kayla.simpson@outlook.com,101691.15
9276,Logan,Hunter,35,logan.hunter@hotmail.com,65706.25
9277,Jason,Bailey,46,jason.bailey@hotmail.com,51469.25
9278,Jason,Walker,48,jason.walker@enterprise.com,236985.99
9279,Tyler,Myers,46,tyler.myers@company.com,67535.0
9280,Carol,Holmes,45,carol.holmes@company.com,206858.97
9281,Kimberly,Diaz,53,kimberly.diaz@hotmail.com,27484.04
9282,Zachary,Morales,26,zachary.morales@outlook.com,210844.1
9283,Hunter,Mills,22,hunter.mills@company.com,113500.12
9284,Benjamin,Coleman,48,benjamin.coleman@yahoo.com,49714.21
9285,Stephanie,Miller,32,stephanie.miller@hotmail.com,244364.65
9286,Jordan,Burns,57,jordan.burns@gmail.com,105493.77
9287,Lauren,Wood,39,lauren.wood@company.com,217491.69
9288,Michael,Barnes,61,michael.barnes@hotmail.com,248007.36
9289,Devin,Woods,46,devin.woods@hotmail.com,89091.01
9290,Angela,Adams,60,angela.adams@outlook.com,142549.06
9291,Lisa,Powell,61,lisa.powell@enterprise.com,232974.26
9292,Christina,Kelly,53,christina.kelly@yahoo.com,162867.76
9293,Devin,Evans,48,devin.evans@company.com,147679.51
9294,Sarah,Edwards,39,sarah.edwards@gmail.com,241721.16
9295,Mark,Sanders,25,mark.sanders@hotmail.com,106209.57
9296,Lisa,Rivera,57,lisa.rivera@company.com,243682.18
9297,Victoria,Baker,46,victoria.baker@company.com,143369.88
9298,Brandon,Kelly,38,brandon.kelly@enterprise.com,37205.31
9299,Steven,Richardson,27,steven.richardson@enterprise.com,189482.98
9300,Kenneth,Tucker,44,kenneth.tucker@yahoo.com,74675.84
9301,Jason,Gonzales,37,jason.gonzales@gmail.com,179064.72
9302,Brittany,Price,33,brittany.price@gmail.com,22252.45
9303,Rebecca,Edwards,70,rebecca.edwards@company.com,15847.76
9304,Megan,Bryant,51,megan.bryant@company.com,150718.84
9305,Caleb,Peterson,36,caleb.peterson@company.com,77617.23
9306,Garrett,Ramos,62,garrett.ramos@company.com,213115.46
9307,Adam,Allen,44,adam.allen@outlook.com,50766.06
9308,Paige,Howard,61,paige.howard@outlook.com,62407.09
9309,Michael,Ortiz,30,michael.ortiz@hotmail.com,185316.16
9310,Heather,Gomez,70,heather.gomez@yahoo.com,124399.14
9311,Cole,Burns,64,cole.burns@gmail.com,81314.74
9312,Blake,Henderson,50,blake.henderson@outlook.com,82904.53
9313,Cole,Hunt,36,cole.hunt@outlook.com,229937.13
9314,Jasmine,Holmes,30,jasmine.holmes@gmail.com,92451.92
9315,Jeffrey,Reyes,36,jeffrey.reyes@outlook.com,51422.7
9316,Rachel,Ford,62,rachel.ford@gmail.com,119248.88
9317,Jenna,Rice,43,jenna.rice@hotmail.com,39283.35
9318,Courtney,Nguyen,70,courtney.nguyen@yahoo.com,159811.52
9319,Cynthia,Perry,28,cynthia.perry@outlook.com,95789.62
9320,Jason,Robinson,45,jason.robinson@yahoo.com,91200.8
9321,David,Ross,59,david.ross@outlook.com,69254.17
9322,Melissa,Lee,49,melissa.lee@gmail.com,108663.16
9323,Christina,Long,35,christina.long@enterprise.com,51988.24
9324,Sarah,Sullivan,68,sarah.sullivan@outlook.com,54631.07
9325,Kyle,Allen,40,kyle.allen@hotmail.com,118544.63
9326,Chase,Ellis,22,chase.ellis@company.com,167326.9
9327,Brittany,Griffin,27,brittany.griffin@hotmail.com,93666.64
9328,Kyle,Morales,22,kyle.morales@company.com,101881.75
9329,Stephanie,Davis,35,stephanie.davis@yahoo.com,33995.07
9330,William,Murray,70,william.murray@gmail.com,193732.2
9331,Jessica,Hunter,36,jessica.hunter@outlook.com,205571.8
9332,Austin,Gonzalez,28,austin.gonzalez@company.com,136482.62
9333,Lauren,Hernandez,39,lauren.hernandez@outlook.com,123297.75
9334,Daniel,Reyes,57,daniel.reyes@outlook.com,47958.39
9335,Crystal,Hayes,39,crystal.hayes@outlook.com,121112.05
9336,Donna,Murray,70,donna.murray@outlook.com,61657.33
9337,Amber,Bennett,63,amber.bennett@yahoo.com,182438.91
9338,Jenna,Murphy,44,jenna.murphy@outlook.com,19471.32
9339,Megan,Ortiz,46,megan.ortiz@gmail.com,95752.44
9340,Kimberly,Morris,46,kimberly.morris@outlook.com,199524.46
9341,Kyle,Warren,62,kyle.warren@outlook.com,191465.47
9342,Taylor,Shaw,36,taylor.shaw@hotmail.com,184054.35
9343,Gabrielle,Ford,26,gabrielle.ford@company.com,152705.03
9344,Jessica,Ward,24,jessica.ward@outlook.com,191167.7
9345,Carol,Clark,43,carol.clark@company.com,181537.59
9346,Kevin,Brown,29,kevin.brown@company.com,58350.8
9347,Lisa,Allen,48,lisa.allen@gmail.com,209040.82
9348,Faith,Cox,62,faith.cox@hotmail.com,171070.24
9349,Brian,Myers,58,brian.myers@yahoo.com,64622.59
9350,Crystal,Gibson,52,crystal.gibson@yahoo.com,160276.12
9351,Zachary,Ford,35,zachary.ford@yahoo.com,127326.67
9352,Jennifer,Grant,44,jennifer.grant@enterprise.com,216417.31
9353,Melissa,Flores,52,melissa.flores@enterprise.com,146123.99
9354,Andrea,Webb,44,andrea.webb@gmail.com,64913.46
9355,Jasmine,Ward,29,jasmine.ward@yahoo.com,216897.91
9356,Amber,Rodriguez,59,amber.rodriguez@yahoo.com,216819.86
9357,Nicole,Hunter,59,nicole.hunter@outlook.com,224618.54
9358,Hunter,Powell,44,hunter.powell@hotmail.com,93418.41
9359,Michael,Collins,58,michael.collins@enterprise.com,89883.2
9360,Destiny,King,68,destiny.king@company.com,49377.3
9361,Taylor,Ward,39,taylor.ward@hotmail.com,176508.52
9362,Victoria,Marshall,37,victoria.marshall@enterprise.com,175685.04
9363,Christina,Diaz,55,christina.diaz@company.com,127582.08
9364,Tyler,Ward,54,tyler.ward@yahoo.com,28069.76
9365,Adam,Kelly,37,adam.kelly@gmail.com,246800.17
9366,Amber,Roberts,39,amber.roberts@company.com,179194.21
9367,Emma,Coleman,47,emma.coleman@gmail.com,18158.53
9368,Kimberly,Owens,68,kimberly.owens@hotmail.com,22909.62
9369,Timothy,Reyes,52,timothy.reyes@enterprise.com,168873.53
9370,Kayla,Young,44,kayla.young@hotmail.com,161530.06
9371,Robert,Ramirez,24,robert.ramirez@hotmail.com,39430.19
9372,Matthew,Clark,48,matthew.clark@hotmail.com,220054.9
9373,Sarah,Cox,26,sarah.cox@outlook.com,219051.07
9374,Brenda,Gomez,32,brenda.gomez@yahoo.com,244617.75
9375,Sean,Long,31,sean.long@yahoo.com,124301.28
9376,Gabrielle,Reed,49,gabrielle.reed@hotmail.com,146477.22
9377,Mark,Knight,53,mark.knight@gmail.com,112287.7
9378,Brandon,Gray,42,brandon.gray@outlook.com,52225.88
9379,Brian,Cooper,67,brian.cooper@gmail.com,122919.64
9380,Melissa,Hernandez,57,melissa.hernandez@enterprise.com,61305.49
9381,Timothy,Butler,67,timothy.butler@hotmail.com,94340.51
9382,Nicholas,Torres,38,nicholas.torres@outlook.com,134624.21
9383,Crystal,Allen,28,crystal.allen@company.com,72429.44
9384,Mason,Phillips,26,mason.phillips@enterprise.com,95219.93
9385,Lisa,Torres,69,lisa.torres@yahoo.com,55436.85
9386,Blake,Diaz,42,blake.diaz@yahoo.com,219697.9
9387,Patrick,Gomez,48,patrick.gomez@company.com,142276.71
9388,Ian,Mason,51,ian.mason@hotmail.com,141610.35
9389,Adam,Martinez,23,adam.martinez@hotmail.com,54587.51
9390,Kenneth,Ellis,27,kenneth.ellis@company.com,148576.29
9391,Jordan,Mcdonald,34,jordan.mcdonald@yahoo.com,47458.47
9392,Sarah,Mills,60,sarah.mills@gmail.com,228580.14
9393,Garrett,Stewart,57,garrett.stewart@gmail.com,94698.26
9394,Caleb,Robertson,44,caleb.robertson@company.com,145685.0
9395,Faith,Burns,30,faith.burns@gmail.com,44370.23
9396,Ryan,King,33,ryan.king@outlook.com,146524.58
9397,Allison,Mitchell,70,allison.mitchell@enterprise.com,160392.5
9398,Mark,West,38,mark.west@gmail.com,86209.82
9399,Trevor,Hicks,65,trevor.hicks@enterprise.com,227003.6
9400,Christina,Nelson,67,christina.nelson@yahoo.com,219664.78
9401,Caleb,Howard,47,caleb.howard@yahoo.com,30022.87
9402,Jasmine,Bailey,37,jasmine.bailey@yahoo.com,78278.29
9403,Cynthia,Wood,29,cynthia.wood@enterprise.com,29440.37
9404,Austin,Owens,52,austin.owens@enterprise.com,176669.13
9405,Jason,Turner,31,jason.turner@hotmail.com,173767.5
9406,Jordan,Nelson,59,jordan.nelson@company.com,98174.58
9407,Daniel,Patterson,55,daniel.patterson@yahoo.com,243367.08
9408,Cole,Torres,56,cole.torres@outlook.com,240533.48
9409,Michael,Jenkins,39,michael.jenkins@outlook.com,247522.32
9410,Sarah,Garcia,22,sarah.garcia@outlook.com,161699.56
9411,Samantha,Wood,38,samantha.wood@enterprise.com,228354.84
9412,David,Barnes,28,david.barnes@outlook.com,243928.06
9413,Anna,Marshall,44,anna.marshall@company.com,43519.11
9414,William,Allen,46,william.allen@outlook.com,82054.52
9415,Jason,Knight,45,jason.knight@yahoo.com,121925.72
9416,Brenda,Rice,25,brenda.rice@gmail.com,48542.42
9417,Mason,Sanders,66,mason.sanders@yahoo.com,231371.6
9418,Rachel,Turner,49,rachel.turner@outlook.com,86424.21
9419,Samantha,Nguyen,22,samantha.nguyen@yahoo.com,71863.8
9420,Tyler,Wallace,56,tyler.wallace@outlook.com,74980.02
9421,Carol,Griffin,49,carol.griffin@hotmail.com,130525.36
9422,Kyle,Cruz,42,kyle.cruz@enterprise.com,175799.98
9423,Heather,Mason,49,heather.mason@enterprise.com,242087.56
9424,Amy,Hernandez,65,amy.hernandez@gmail.com,97873.78
9425,Chase,Gray,69,chase.gray@gmail.com,15768.24
9426,Lisa,Hall,56,lisa.hall@hotmail.com,40453.7
9427,Steven,Owens,65,steven.owens@yahoo.com,234257.57
9428,Zachary,Clark,42,zachary.clark@outlook.com,107142.85
9429,Destiny,Ward,65,destiny.ward@outlook.com,63108.87
9430,Jose,Russell,57,jose.russell@hotmail.com,176401.92
9431,Michael,Ford,29,michael.ford@enterprise.com,162264.23
9432,Lisa,Adams,36,lisa.adams@enterprise.com,129464.43
9433,Nicole,Reed,55,nicole.reed@hotmail.com,150124.93
9434,John,Stevens,68,john.stevens@hotmail.com,59909.63
9435,Cameron,Cole,45,cameron.cole@enterprise.com,24939.14
9436,Mark,Gomez,39,mark.gomez@gmail.com,83737.73
9437,Sydney,Morris,38,sydney.morris@hotmail.com,171505.12
9438,Emma,Peterson,27,emma.peterson@gmail.com,103374.3
9439,Heather,Gonzales,51,heather.gonzales@yahoo.com,193040.79
9440,Tyler,Garcia,44,tyler.garcia@hotmail.com,15311.8
9441,Austin,Torres,31,austin.torres@yahoo.com,141511.68
9442,Melissa,Edwards,67,melissa.edwards@outlook.com,227529.84
9443,Natalie,Mcdonald,42,natalie.mcdonald@yahoo.com,165765.35
9444,Morgan,Reed,29,morgan.reed@company.com,53880.0
9445,Faith,Miller,44,faith.miller@enterprise.com,71645.54
9446,William,Roberts,63,william.roberts@enterprise.com,172746.87
9447,Sydney,Watson,41,sydney.watson@company.com,195596.79
9448,Nicole,Long,61,nicole.long@outlook.com,136507.09
9449,Lisa,Campbell,68,lisa.campbell@hotmail.com,121636.76
9450,Mark,Johnson,52,mark.johnson@gmail.com,103053.27
9451,Peter,Hamilton,65,peter.hamilton@hotmail.com,114183.74
9452,Peter,Alexander,61,peter.alexander@outlook.com,53978.66
9453,Nathan,Rogers,67,nathan.rogers@company.com,35610.65
9454,Samantha,Stevens,61,samantha.stevens@hotmail.com,19556.65
9455,Gregory,Hunter,26,gregory.hunter@outlook.com,235168.51
9456,Jonathan,Davis,70,jonathan.davis@enterprise.com,64853.11
9457,Sydney,Sanders,24,sydney.sanders@enterprise.com,170744.44
9458,Andrew,Reynolds,58,andrew.reynolds@outlook.com,76214.42
9459,Christina,Warren,61,christina.warren@company.com,173006.83
9460,Adam,Gray,69,adam.gray@enterprise.com,38112.96
9461,Angela,West,46,angela.west@outlook.com,100090.36
9462,Caleb,Henderson,65,caleb.henderson@enterprise.com,86992.5
9463,Kenneth,Hughes,31,kenneth.hughes@gmail.com,60388.63
9464,Melissa,Davis,42,melissa.davis@outlook.com,21662.02
9465,Kayla,Miller,43,kayla.miller@hotmail.com,231822.52
9466,Sean,Campbell,52,sean.campbell@gmail.com,120185.26
9467,Tyler,Nichols,55,tyler.nichols@gmail.com,194308.34
9468,Melissa,Cole,26,melissa.cole@gmail.com,153892.85
9469,Michael,Grant,62,michael.grant@outlook.com,106663.75
9470,Paige,Richardson,30,paige.richardson@enterprise.com,20997.2
9471,Allison,Phillips,64,allison.phillips@gmail.com,243832.81
9472,Jennifer,Wells,33,jennifer.wells@company.com,248264.7
9473,Trevor,Allen,42,trevor.allen@outlook.com,51867.42
9474,Heather,Hernandez,24,heather.hernandez@enterprise.com,186016.25
9475,Cynthia,Howard,36,cynthia.howard@hotmail.com,28659.05
9476,Stephanie,Black,47,stephanie.black@hotmail.com,185090.65
9477,Trevor,Powell,43,trevor.powell@gmail.com,164610.53
9478,Hunter,Butler,64,hunter.butler@yahoo.com,91691.45
9479,Jenna,Alexander,41,jenna.alexander@gmail.com,88869.51
9480,David,Edwards,64,david.edwards@hotmail.com,205585.82
9481,Zachary,Johnson,57,zachary.johnson@gmail.com,247168.37
9482,Zachary,Griffin,43,zachary.griffin@outlook.com,103704.91
9483,Caleb,Rogers,61,caleb.rogers@yahoo.com,54637.48
9484,Robert,Hamilton,25,robert.hamilton@company.com,126741.23
9485,Sydney,Reyes,32,sydney.reyes@yahoo.com,91013.42
9486,Jenna,Young,52,jenna.young@outlook.com,124512.56
9487,Anna,Gonzales,67,anna.gonzales@hotmail.com,54069.79
9488,Melissa,Sanchez,41,melissa.sanchez@gmail.com,158987.54
9489,Adam,Ramirez,52,adam.ramirez@enterprise.com,95838.19
9490,Katherine,Wallace,65,katherine.wallace@enterprise.com,149119.45
9491,Courtney,Powell,53,courtney.powell@company.com,188247.76
9492,Mariah,Gomez,63,mariah.gomez@gmail.com,124752.79
9493,Daniel,Marshall,35,daniel.marshall@outlook.com,144911.57
9494,Michelle,Mason,54,michelle.mason@enterprise.com,213401.61
9495,Paige,Wood,40,paige.wood@outlook.com,91663.47
9496,Victoria,Hall,47,victoria.hall@outlook.com,179798.2
9497,Sierra,Bennett,62,sierra.bennett@yahoo.com,232864.7
9498,Lauren,Simpson,37,lauren.simpson@enterprise.com,220495.76
9499,Gabrielle,Gonzalez,67,gabrielle.gonzalez@hotmail.com,33302.62
9500,Angela,Cole,31,angela.cole@company.com,34009.65
9501,Garrett,Jenkins,24,garrett.jenkins@outlook.com,71195.32
9502,Nicole,Turner,44,nicole.turner@enterprise.com,87832.46
9503,Jason,Rivera,36,jason.rivera@hotmail.com,229100.38
9504,Kevin,Reyes,35,kevin.reyes@outlook.com,106528.39
9505,Jonathan,Dixon,27,jonathan.dixon@company.com,39092.96
9506,Joshua,Hall,48,joshua.hall@company.com,172946.65
9507,Mariah,Smith,53,mariah.smith@yahoo.com,180930.45
9508,Anna,Johnson,59,anna.johnson@gmail.com,167433.91
9509,Ryan,Gordon,37,ryan.gordon@gmail.com,42568.73
9510,Timothy,Campbell,28,timothy.campbell@yahoo.com,174980.85
9511,Heather,Coleman,29,heather.coleman@gmail.com,127517.26
9512,Patrick,Mills,69,patrick.mills@gmail.com,101480.81
9513,Kenneth,Collins,46,kenneth.collins@yahoo.com,127711.24
9514,Gabrielle,Webb,57,gabrielle.webb@yahoo.com,136870.87
9515,Angela,Webb,60,angela.webb@gmail.com,26447.55
9516,Trevor,Ross,54,trevor.ross@company.com,67010.56
9517,Samuel,Scott,45,samuel.scott@enterprise.com,137759.53
9518,Faith,Robertson,54,faith.robertson@enterprise.com,60257.55
9519,Brenda,Bryant,43,brenda.bryant@gmail.com,158193.39
9520,Caleb,Campbell,35,caleb.campbell@outlook.com,63324.05
9521,Kevin,Woods,51,kevin.woods@outlook.com,167115.55
9522,Sierra,Foster,52,sierra.foster@company.com,228496.22
9523,Jordan,Marshall,62,jordan.marshall@company.com,187092.71
9524,Kimberly,Howard,70,kimberly.howard@yahoo.com,190740.77
9525,Cole,West,67,cole.west@company.com,92500.13
9526,Anthony,Ellis,48,anthony.ellis@gmail.com,195832.67
9527,Kayla,Rogers,52,kayla.rogers@gmail.com,56740.56
9528,Aaron,Hayes,65,aaron.hayes@yahoo.com,24123.31
9529,Katelyn,Robinson,50,katelyn.robinson@gmail.com,50615.28
9530,Lisa,Kelly,52,lisa.kelly@yahoo.com,54430.81
9531,Allison,Parker,55,allison.parker@outlook.com,79802.74
9532,Paige,Jordan,28,paige.jordan@outlook.com,76668.01
9533,Jennifer,Crawford,69,jennifer.crawford@gmail.com,21809.59
9534,Michael,Nelson,32,michael.nelson@outlook.com,40771.87
9535,Katherine,Gonzalez,51,katherine.gonzalez@hotmail.com,226860.77
9536,Brenda,Mason,69,brenda.mason@outlook.com,53316.58
9537,Andrew,Torres,53,andrew.torres@outlook.com,170639.85
9538,Amy,Sanchez,55,amy.sanchez@enterprise.com,130387.95
9539,Vanessa,Dixon,62,vanessa.dixon@hotmail.com,29460.94
9540,Amber,Hamilton,52,amber.hamilton@outlook.com,65612.44
9541,Kimberly,Gonzalez,70,kimberly.gonzalez@outlook.com,205714.27
9542,Kelsey,Baker,66,kelsey.baker@enterprise.com,139079.12
9543,Crystal,Wood,64,crystal.wood@company.com,103368.67
9544,Jessica,Wright,51,jessica.wright@outlook.com,19195.45
9545,Trevor,Rodriguez,22,trevor.rodriguez@gmail.com,183028.66
9546,Kimberly,Parker,65,kimberly.parker@hotmail.com,175923.73
9547,Joshua,Davis,45,joshua.davis@outlook.com,188597.1
9548,Katelyn,Johnson,68,katelyn.johnson@hotmail.com,30689.83
9549,Benjamin,Palmer,68,benjamin.palmer@gmail.com,242004.72
9550,Andrea,Hamilton,29,andrea.hamilton@gmail.com,224252.42
9551,Zachary,Lee,50,zachary.lee@company.com,96663.49
9552,Cynthia,Morales,46,cynthia.morales@gmail.com,135517.89
9553,Blake,Stewart,44,blake.stewart@company.com,157793.21
9554,Colin,Young,54,colin.young@hotmail.com,115002.73
9555,Vanessa,Mason,51,vanessa.mason@outlook.com,210938.69
9556,Jason,Freeman,67,jason.freeman@gmail.com,174938.68
9557,Rachel,Cruz,32,rachel.cruz@enterprise.com,38407.22
9558,Jennifer,Gonzalez,47,jennifer.gonzalez@company.com,109077.08
9559,Gabrielle,Gray,36,gabrielle.gray@yahoo.com,41610.15
9560,Devin,Freeman,63,devin.freeman@yahoo.com,18814.94
9561,Heather,Evans,43,heather.evans@outlook.com,121713.62
9562,Timothy,Mcdonald,42,timothy.mcdonald@yahoo.com,34325.33
9563,Jordan,Griffin,53,jordan.griffin@company.com,99556.92
9564,Jenna,Washington,69,jenna.washington@yahoo.com,183669.42
9565,Trevor,Cooper,51,trevor.cooper@outlook.com,32905.59
9566,Amber,Scott,55,amber.scott@outlook.com,156344.45
9567,Jenna,Gray,33,jenna.gray@gmail.com,228803.17
9568,Stephanie,Patterson,65,stephanie.patterson@enterprise.com,144467.79
9569,Mark,Myers,33,mark.myers@company.com,107581.21
9570,Angela,Robertson,23,angela.robertson@hotmail.com,161811.74
9571,Ian,Cooper,46,ian.cooper@gmail.com,55781.93
9572,Ryan,Simmons,32,ryan.simmons@hotmail.com,206136.39
9573,Jennifer,Robinson,62,jennifer.robinson@gmail.com,60238.32
9574,Jenna,Smith,50,jenna.smith@enterprise.com,91362.24
9575,Gabrielle,Morales,31,gabrielle.morales@company.com,142876.51
9576,Brenda,Perry,41,brenda.perry@gmail.com,242055.87
9577,Colin,Ramirez,42,colin.ramirez@hotmail.com,121078.05
9578,Steven,Freeman,46,steven.freeman@company.com,180898.48
9579,Caleb,Gonzales,41,caleb.gonzales@outlook.com,33800.88
9580,Allison,Wallace,28,allison.wallace@outlook.com,100307.18
9581,Natalie,Rivera,66,natalie.rivera@company.com,74530.87
9582,Sean,Nguyen,34,sean.nguyen@enterprise.com,50118.59
9583,Jason,Porter,48,jason.porter@outlook.com,33779.5
9584,Nathan,Stewart,61,nathan.stewart@hotmail.com,172590.17
9585,Ashley,Carter,62,ashley.carter@company.com,247758.22
9586,Anthony,Watson,51,anthony.watson@yahoo.com,99219.09
9587,Eric,Phillips,44,eric.phillips@yahoo.com,75085.82
9588,Tiffany,Palmer,66,tiffany.palmer@yahoo.com,222761.16
9589,Noah,Hall,54,noah.hall@enterprise.com,68735.91
9590,Mark,Gomez,47,mark.gomez@hotmail.com,127653.34
9591,Devin,Kelly,27,devin.kelly@yahoo.com,241313.16
9592,Jessica,Ramirez,63,jessica.ramirez@hotmail.com,248963.87
9593,Melissa,Ferguson,46,melissa.ferguson@hotmail.com,20936.91
9594,Caleb,Murray,70,caleb.murray@outlook.com,176746.92
9595,Sarah,Freeman,56,sarah.freeman@outlook.com,143292.62
9596,Cynthia,Freeman,23,cynthia.freeman@hotmail.com,244967.85
9597,Brandon,Smith,34,brandon.smith@company.com,153986.22
9598,Brian,Barnes,50,brian.barnes@enterprise.com,226559.78
9599,Cameron,Jenkins,50,cameron.jenkins@hotmail.com,55268.37
9600,Vanessa,Phillips,33,vanessa.phillips@gmail.com,112468.76
9601,Jonathan,Holmes,43,jonathan.holmes@yahoo.com,93550.43
9602,Jason,Phillips,56,jason.phillips@outlook.com,186886.44
9603,Megan,Murray,68,megan.murray@enterprise.com,181718.19
9604,Benjamin,Nguyen,48,benjamin.nguyen@hotmail.com,64982.95
9605,Samuel,Johnson,51,samuel.johnson@outlook.com,130766.03
9606,Nicholas,Griffin,61,nicholas.griffin@company.com,220490.13
9607,Destiny,Myers,70,destiny.myers@outlook.com,192887.5
9608,Crystal,Richardson,30,crystal.richardson@gmail.com,111083.02
9609,Crystal,Young,27,crystal.young@hotmail.com,170758.87
9610,Zachary,Gonzalez,23,zachary.gonzalez@outlook.com,44523.73
9611,Sharon,Morales,58,sharon.morales@hotmail.com,129142.34
9612,Chase,Graham,68,chase.graham@enterprise.com,230450.27
9613,Carol,Robertson,50,carol.robertson@hotmail.com,215801.66
9614,Aaron,Lewis,33,aaron.lewis@hotmail.com,74616.99
9615,Christopher,Turner,69,christopher.turner@yahoo.com,110456.11
9616,Mariah,Wallace,29,mariah.wallace@enterprise.com,238051.89
9617,Ian,Barnes,39,ian.barnes@hotmail.com,105470.7
9618,Sarah,Hamilton,22,sarah.hamilton@hotmail.com,49016.22
9619,Sydney,Palmer,45,sydney.palmer@gmail.com,206412.68
9620,Michelle,Simpson,35,michelle.simpson@yahoo.com,226171.39
9621,Ian,Howard,32,ian.howard@gmail.com,80470.63
9622,Mariah,Lee,30,mariah.lee@outlook.com,183223.0
9623,Megan,Myers,45,megan.myers@hotmail.com,46251.62
9624,Timothy,Stewart,26,timothy.stewart@enterprise.com,237127.73
9625,Paige,Hunter,69,paige.hunter@hotmail.com,186913.09
9626,Heather,Gibson,26,heather.gibson@gmail.com,96165.81
9627,Mark,Bennett,29,mark.bennett@gmail.com,218686.52
9628,William,Robinson,62,william.robinson@gmail.com,161179.19
9629,Kelsey,Clark,25,kelsey.clark@outlook.com,65242.29
9630,Alexis,Freeman,69,alexis.freeman@yahoo.com,127962.55
9631,Stephanie,Henry,57,stephanie.henry@gmail.com,97547.59
9632,Logan,Russell,32,logan.russell@gmail.com,234343.02
9633,Benjamin,Martinez,60,benjamin.martinez@yahoo.com,36420.2
9634,Sierra,James,69,sierra.james@yahoo.com,125804.21
9635,Crystal,Wells,53,crystal.wells@outlook.com,204764.84
9636,Mason,Henderson,70,mason.henderson@gmail.com,38967.91
9637,Michelle,Reyes,33,michelle.reyes@gmail.com,28266.19
9638,Megan,Simpson,41,megan.simpson@hotmail.com,65552.69
9639,Kimberly,Garcia,45,kimberly.garcia@hotmail.com,217879.34
9640,Jonathan,Turner,64,jonathan.turner@company.com,142567.66
9641,Brittany,Marshall,35,brittany.marshall@gmail.com,37656.04
9642,Cynthia,Simmons,40,cynthia.simmons@outlook.com,213984.16
9643,Brian,Wells,46,brian.wells@company.com,156021.28
9644,Christina,Hamilton,38,christina.hamilton@hotmail.com,93242.13
9645,Jasmine,Reed,51,jasmine.reed@enterprise.com,25481.96
9646,Gabrielle,Shaw,70,gabrielle.shaw@hotmail.com,120767.8
9647,Katherine,Walker,70,katherine.walker@outlook.com,88570.21
9648,Austin,Washington,23,austin.washington@enterprise.com,238829.62
9649,Danielle,Morales,35,danielle.morales@yahoo.com,107647.37
9650,Noah,Edwards,57,noah.edwards@company.com,22946.34
9651,Andrea,Cruz,50,andrea.cruz@gmail.com,92402.36
9652,Ian,Woods,65,ian.woods@gmail.com,215700.32
9653,Lisa,Mason,45,lisa.mason@yahoo.com,229416.52
9654,Sierra,Scott,23,sierra.scott@yahoo.com,204913.21
9655,Brandon,Hill,28,brandon.hill@hotmail.com,53131.29
9656,Timothy,Green,45,timothy.green@company.com,101507.33
9657,Brooke,Shaw,23,brooke.shaw@outlook.com,221423.64
9658,Aaron,Gordon,63,aaron.gordon@hotmail.com,156479.91
9659,Lauren,Simmons,69,lauren.simmons@outlook.com,23367.62
9660,Noah,Roberts,38,noah.roberts@enterprise.com,244715.94
9661,Destiny,Clark,50,destiny.clark@gmail.com,172978.0
9662,Samuel,Carter,62,samuel.carter@hotmail.com,244714.93
9663,Cynthia,Nichols,60,cynthia.nichols@company.com,83463.42
9664,Sierra,Ward,25,sierra.ward@yahoo.com,92164.32
9665,Lucas,Warren,60,lucas.warren@company.com,34184.62
9666,Tyler,Marshall,62,tyler.marshall@yahoo.com,91273.77
9667,Brenda,Brown,38,brenda.brown@yahoo.com,109311.51
9668,Christina,Hill,49,christina.hill@gmail.com,60369.93
9669,Ian,Morris,62,ian.morris@company.com,187859.08
9670,Katelyn,Cox,28,katelyn.cox@yahoo.com,130665.86
9671,Daniel,Boyd,67,daniel.boyd@gmail.com,57096.39
9672,Sydney,Shaw,24,sydney.shaw@gmail.com,182826.14
9673,Faith,Barnes,24,faith.barnes@outlook.com,69849.99
9674,Victoria,Parker,30,victoria.parker@company.com,186141.98
9675,Anthony,Sanders,55,anthony.sanders@company.com,112011.14
9676,Timothy,Sanchez,69,timothy.sanchez@outlook.com,177845.44
9677,Jose,Holmes,55,jose.holmes@outlook.com,17647.77
9678,Caleb,Gibson,40,caleb.gibson@outlook.com,58119.48
9679,Matthew,Wells,35,matthew.wells@yahoo.com,91742.05
9680,Victoria,Hunt,32,victoria.hunt@enterprise.com,203062.9
9681,Blake,Gray,37,blake.gray@company.com,129194.98
9682,Natalie,Powell,33,natalie.powell@hotmail.com,88234.46
9683,Andrea,Henry,60,andrea.henry@yahoo.com,81030.79
9684,Ashley,Shaw,37,ashley.shaw@company.com,43025.26
9685,Brandon,Mitchell,35,brandon.mitchell@outlook.com,151015.7
9686,Heather,Evans,29,heather.evans@gmail.com,40565.53
9687,Donna,Cox,34,donna.cox@enterprise.com,203712.23
9688,Christopher,Hughes,35,christopher.hughes@enterprise.com,150323.12
9689,Anna,Cruz,37,anna.cruz@yahoo.com,248000.05
9690,Robert,Ellis,61,robert.ellis@enterprise.com,224738.51
9691,Kimberly,Murray,58,kimberly.murray@yahoo.com,111748.72
9692,Cameron,Ross,50,cameron.ross@hotmail.com,232677.22
9693,Mark,Johnson,62,mark.johnson@yahoo.com,208513.98
9694,Allison,Myers,48,allison.myers@hotmail.com,192728.7
9695,Logan,Lewis,57,logan.lewis@hotmail.com,161487.33
9696,Jason,Hill,51,jason.hill@hotmail.com,106206.08
9697,Tyler,Mcdonald,40,tyler.mcdonald@yahoo.com,70724.93
9698,Crystal,Kelly,35,crystal.kelly@enterprise.com,84669.98
9699,Taylor,Coleman,44,taylor.coleman@gmail.com,32872.57
9700,Vanessa,Woods,64,vanessa.woods@company.com,143360.59
9701,Tyler,Collins,28,tyler.collins@outlook.com,248222.46
9702,Brandon,Marshall,59,brandon.marshall@yahoo.com,181437.67
9703,Matthew,Freeman,66,matthew.freeman@company.com,160773.03
9704,Anthony,Allen,22,anthony.allen@company.com,166053.7
9705,Austin,Cook,44,austin.cook@gmail.com,130343.49
9706,Michael,Reynolds,63,michael.reynolds@company.com,212440.51
9707,Brenda,Gonzales,66,brenda.gonzales@company.com,16177.15
9708,Gregory,Warren,68,gregory.warren@hotmail.com,65998.42
9709,Jason,Green,48,jason.green@outlook.com,160281.24
9710,Cole,Knight,31,cole.knight@yahoo.com,237151.77
9711,Rachel,Johnson,28,rachel.johnson@yahoo.com,110331.03
9712,Gabrielle,Allen,24,gabrielle.allen@yahoo.com,219180.52
9713,Joshua,Brooks,41,joshua.brooks@outlook.com,192226.38
9714,Chase,Black,64,chase.black@yahoo.com,47698.78
9715,Jordan,Perry,36,jordan.perry@company.com,176984.44
9716,Tyler,Adams,60,tyler.adams@gmail.com,76291.17
9717,David,Hamilton,31,david.hamilton@hotmail.com,23527.9
9718,Sean,Graham,37,sean.graham@outlook.com,156048.83
9719,Carol,Morales,61,carol.morales@company.com,38131.16
9720,Daniel,Ortiz,30,daniel.ortiz@company.com,107889.45
9721,Kelsey,Baker,66,kelsey.baker@gmail.com,67584.65
9722,Sarah,Lewis,41,sarah.lewis@outlook.com,138482.57
9723,Jenna,Price,32,jenna.price@yahoo.com,23028.05
9724,Kelsey,King,45,kelsey.king@yahoo.com,23215.14
9725,Joshua,Burns,62,joshua.burns@yahoo.com,99644.23
9726,Samantha,Ortiz,65,samantha.ortiz@yahoo.com,97818.79
9727,Emma,Lewis,44,emma.lewis@gmail.com,75845.54
9728,Lauren,Reyes,57,lauren.reyes@enterprise.com,227505.37
9729,Michelle,Barnes,62,michelle.barnes@outlook.com,30896.39
9730,Caleb,Shaw,46,caleb.shaw@yahoo.com,73927.13
9731,Jason,Edwards,65,jason.edwards@outlook.com,168076.58
9732,Timothy,James,56,timothy.james@enterprise.com,127245.51
9733,Christina,Evans,69,christina.evans@yahoo.com,48488.19
9734,David,Peterson,32,david.peterson@gmail.com,73557.27
9735,Kyle,Marshall,48,kyle.marshall@outlook.com,130476.06
9736,Jasmine,Mason,46,jasmine.mason@hotmail.com,46230.0
9737,Anthony,Reynolds,68,anthony.reynolds@gmail.com,50886.23
9738,John,Miller,39,john.miller@gmail.com,248682.27
9739,William,Ramirez,35,william.ramirez@outlook.com,217248.47
9740,Kayla,Washington,42,kayla.washington@outlook.com,135319.98
9741,Katelyn,Mitchell,66,katelyn.mitchell@enterprise.com,194614.21
9742,Colin,Barnes,29,colin.barnes@gmail.com,221420.6
9743,Caleb,Mason,65,caleb.mason@gmail.com,60926.65
9744,Faith,Hill,32,faith.hill@enterprise.com,243649.52
9745,Chase,Howard,55,chase.howard@hotmail.com,95736.56
9746,Alexis,Hunt,23,alexis.hunt@gmail.com,227753.88
9747,Jose,Simpson,24,jose.simpson@enterprise.com,53044.13
9748,Kimberly,Ferguson,33,kimberly.ferguson@yahoo.com,52347.24
9749,Devin,Campbell,55,devin.campbell@company.com,165633.35
9750,Vanessa,Alexander,45,vanessa.alexander@yahoo.com,40766.14
9751,Anthony,Rodriguez,42,anthony.rodriguez@hotmail.com,210779.27
9752,Kayla,Perry,22,kayla.perry@outlook.com,197684.84
9753,Kenneth,Webb,60,kenneth.webb@hotmail.com,150860.14
9754,Donna,Russell,45,donna.russell@outlook.com,82154.12
9755,Michelle,Wilson,57,michelle.wilson@outlook.com,206316.8
9756,Brittany,Wells,67,brittany.wells@hotmail.com,237113.71
9757,Zachary,Roberts,50,zachary.roberts@company.com,81915.59
9758,Caleb,Cox,63,caleb.cox@gmail.com,82188.62
9759,Tiffany,Stevens,57,tiffany.stevens@yahoo.com,205168.82
9760,Jennifer,Knight,23,jennifer.knight@gmail.com,26514.31
9761,Tyler,Grant,60,tyler.grant@hotmail.com,104016.79
9762,Nathan,Coleman,66,nathan.coleman@outlook.com,55309.01
9763,Mark,Gibson,23,mark.gibson@hotmail.com,154757.72
9764,Andrew,Richardson,40,andrew.richardson@hotmail.com,142630.6
9765,Jenna,Campbell,46,jenna.campbell@yahoo.com,156649.13
9766,William,Long,55,william.long@hotmail.com,135743.8
9767,Alexis,Allen,69,alexis.allen@company.com,163147.94
9768,Jordan,Sanchez,46,jordan.sanchez@outlook.com,227556.25
9769,Katherine,Gonzalez,55,katherine.gonzalez@outlook.com,98078.06
9770,Joshua,Wells,36,joshua.wells@gmail.com,236987.29
9771,Kyle,Gomez,65,kyle.gomez@yahoo.com,157108.39
9772,Emma,Murphy,40,emma.murphy@hotmail.com,246063.58
9773,Trevor,Davis,27,trevor.davis@company.com,128444.85
9774,Courtney,Bryant,30,courtney.bryant@outlook.com,247495.14
9775,Nicole,Powell,50,nicole.powell@enterprise.com,48035.32
9776,Kimberly,Allen,58,kimberly.allen@hotmail.com,18825.56
9777,Tyler,Henry,42,tyler.henry@company.com,169530.43
9778,Gabrielle,Roberts,58,gabrielle.roberts@enterprise.com,92000.12
9779,Cameron,Allen,48,cameron.allen@outlook.com,19199.43
9780,Andrea,Flores,29,andrea.flores@company.com,158554.77
9781,Gabrielle,Ellis,67,gabrielle.ellis@outlook.com,142727.55
9782,Andrew,Murray,37,andrew.murray@enterprise.com,84961.11
9783,Victoria,Price,51,victoria.price@hotmail.com,246986.53
9784,Rachel,Kelly,61,rachel.kelly@yahoo.com,134775.08
9785,Brandon,Gray,40,brandon.gray@enterprise.com,196198.83
9786,Andrea,Reynolds,28,andrea.reynolds@enterprise.com,128075.74
9787,Melissa,Ford,59,melissa.ford@company.com,25400.24
9788,Ashley,Burns,25,ashley.burns@enterprise.com,104277.12
9789,Kelsey,Young,69,kelsey.young@gmail.com,192372.25
9790,Blake,Adams,49,blake.adams@gmail.com,21902.17
9791,Jessica,Washington,57,jessica.washington@company.com,23012.95
9792,Courtney,Cole,68,courtney.cole@gmail.com,101417.19
9793,Sierra,Rodriguez,51,sierra.rodriguez@enterprise.com,181042.03
9794,Amber,Collins,59,amber.collins@hotmail.com,111967.68
9795,Courtney,Holmes,59,courtney.holmes@yahoo.com,93606.08
9796,Victoria,Allen,41,victoria.allen@gmail.com,126661.57
9797,Andrea,Foster,30,andrea.foster@hotmail.com,174322.09
9798,Lucas,Nelson,25,lucas.nelson@gmail.com,170697.29
9799,Jose,Mills,57,jose.mills@enterprise.com,109982.82
9800,Devin,Carter,36,devin.carter@yahoo.com,92843.78
9801,Vanessa,Kelly,39,vanessa.kelly@hotmail.com,42989.45
9802,Emma,Murray,31,emma.murray@outlook.com,205020.93
9803,Ashley,Gordon,33,ashley.gordon@hotmail.com,186524.5
9804,Nathan,Hayes,41,nathan.hayes@company.com,44777.26
9805,Jenna,Griffin,30,jenna.griffin@hotmail.com,193375.74
9806,Emma,Freeman,69,emma.freeman@enterprise.com,48765.91
9807,Gabrielle,Cole,47,gabrielle.cole@hotmail.com,228022.01
9808,Garrett,Hunt,31,garrett.hunt@outlook.com,56606.41
9809,Kyle,Evans,34,kyle.evans@hotmail.com,22545.36
9810,Blake,Wright,56,blake.wright@company.com,199362.97
9811,Donna,Morales,70,donna.morales@hotmail.com,243226.59
9812,Stephanie,Sanders,26,stephanie.sanders@outlook.com,249866.83
9813,Cynthia,Russell,61,cynthia.russell@enterprise.com,59537.68
9814,Caleb,Johnson,63,caleb.johnson@enterprise.com,217758.83
9815,Angela,Torres,56,angela.torres@enterprise.com,79823.0
9816,Cameron,Cox,39,cameron.cox@outlook.com,119530.74
9817,Lauren,Reynolds,25,lauren.reynolds@outlook.com,83705.77
9818,Tiffany,Lee,58,tiffany.lee@hotmail.com,112024.05
9819,Jose,Young,35,jose.young@hotmail.com,220314.22
9820,Natalie,Sanchez,40,natalie.sanchez@gmail.com,61591.03
9821,Nathan,Sullivan,28,nathan.sullivan@yahoo.com,124398.75
9822,Emma,Scott,43,emma.scott@outlook.com,139982.76
9823,Michael,Cruz,32,michael.cruz@hotmail.com,79039.12
9824,Michael,Rivera,65,michael.rivera@yahoo.com,134645.51
9825,Anthony,Russell,61,anthony.russell@yahoo.com,182009.44
9826,Jordan,Martinez,42,jordan.martinez@gmail.com,185303.94
9827,Donna,Wright,24,donna.wright@company.com,107746.08
9828,Andrew,Roberts,24,andrew.roberts@outlook.com,93606.64
9829,Cynthia,Turner,50,cynthia.turner@hotmail.com,65143.46
9830,Amanda,Cook,54,amanda.cook@yahoo.com,55803.92
9831,Emma,Garcia,31,emma.garcia@outlook.com,179840.95
9832,Ryan,Wright,24,ryan.wright@outlook.com,224672.75
9833,Jennifer,Bailey,55,jennifer.bailey@company.com,99187.1
9834,Daniel,Burns,56,daniel.burns@enterprise.com,114274.15
9835,Heather,Jenkins,60,heather.jenkins@gmail.com,213157.68
9836,Danielle,Dixon,31,danielle.dixon@yahoo.com,60902.51
9837,Victoria,Porter,24,victoria.porter@yahoo.com,86040.58
9838,Christopher,Brown,38,christopher.brown@enterprise.com,219958.94
9839,Anna,Torres,60,anna.torres@gmail.com,240154.91
9840,Kimberly,Wallace,60,kimberly.wallace@hotmail.com,196969.16
9841,Aaron,Long,42,aaron.long@gmail.com,42880.22
9842,Noah,Woods,33,noah.woods@company.com,165122.28
9843,Rebecca,Cox,70,rebecca.cox@outlook.com,165659.83
9844,Amber,Ross,57,amber.ross@hotmail.com,35344.84
9845,Tyler,Mills,23,tyler.mills@hotmail.com,172557.14
9846,Emma,King,33,emma.king@company.com,187207.02
9847,Jonathan,Jordan,49,jonathan.jordan@outlook.com,199939.81
9848,Mark,Hamilton,22,mark.hamilton@yahoo.com,178009.91
9849,Jonathan,Burns,35,jonathan.burns@gmail.com,240547.92
9850,Jason,West,23,jason.west@yahoo.com,81257.21
9851,Nathan,Hicks,64,nathan.hicks@hotmail.com,111478.7
9852,Sean,Price,63,sean.price@outlook.com,204007.79
9853,Kayla,Washington,49,kayla.washington@company.com,241114.46
9854,Cynthia,Parker,33,cynthia.parker@outlook.com,193396.1
9855,Amy,Patterson,25,amy.patterson@hotmail.com,228291.42
9856,Garrett,Brooks,50,garrett.brooks@gmail.com,200486.91
9857,Michelle,Wallace,36,michelle.wallace@hotmail.com,29421.32
9858,Brian,Stevens,40,brian.stevens@enterprise.com,68475.62
9859,Devin,Simmons,26,devin.simmons@gmail.com,248002.58
9860,Samuel,Ramirez,58,samuel.ramirez@company.com,58554.1
9861,Trevor,Patterson,65,trevor.patterson@enterprise.com,170919.39
9862,Carol,Foster,47,carol.foster@company.com,29538.79
9863,Danielle,Murphy,35,danielle.murphy@outlook.com,224568.73
9864,Daniel,Flores,64,daniel.flores@gmail.com,88966.91
9865,Courtney,Miller,45,courtney.miller@yahoo.com,182308.62
9866,Christina,Davis,49,christina.davis@enterprise.com,92953.56
9867,Kyle,Graham,45,kyle.graham@yahoo.com,25524.64
9868,Emma,Jordan,39,emma.jordan@gmail.com,214228.61
9869,Amber,Long,56,amber.long@outlook.com,182690.75
9870,Aaron,Mason,46,aaron.mason@gmail.com,37398.77
9871,Kimberly,Morris,35,kimberly.morris@company.com,210737.2
9872,Lucas,Rivera,37,lucas.rivera@hotmail.com,151000.07
9873,Courtney,Crawford,63,courtney.crawford@company.com,128434.21
9874,Crystal,Wells,30,crystal.wells@gmail.com,64942.26
9875,Amber,Daniels,56,amber.daniels@gmail.com,117359.89
9876,Devin,Rodriguez,36,devin.rodriguez@yahoo.com,65361.66
9877,Cameron,Wells,30,cameron.wells@enterprise.com,111334.45
9878,Nicholas,Hamilton,30,nicholas.hamilton@gmail.com,74942.04
9879,Sierra,Adams,25,sierra.adams@hotmail.com,148388.23
9880,Gregory,Reed,57,gregory.reed@yahoo.com,105291.41
9881,Natalie,Simmons,53,natalie.simmons@company.com,227768.77
9882,Allison,Robinson,66,allison.robinson@yahoo.com,197704.04
9883,Alexis,Lewis,37,alexis.lewis@outlook.com,213538.2
9884,Blake,Nelson,43,blake.nelson@enterprise.com,188351.7
9885,Chase,Flores,39,chase.flores@outlook.com,37744.59
9886,Jasmine,Palmer,54,jasmine.palmer@enterprise.com,141944.48
9887,Benjamin,Mills,51,benjamin.mills@hotmail.com,247840.35
9888,Ryan,Howard,32,ryan.howard@hotmail.com,249584.41
9889,Brooke,Nelson,61,brooke.nelson@outlook.com,210644.29
9890,Brenda,Garcia,40,brenda.garcia@gmail.com,224979.9
9891,Patrick,Carter,36,patrick.carter@company.com,192681.48
9892,Vanessa,Patterson,49,vanessa.patterson@gmail.com,159604.57
9893,Samantha,Gomez,49,samantha.gomez@company.com,162978.41
9894,Brenda,Wilson,43,brenda.wilson@enterprise.com,92199.47
9895,Nathan,Russell,61,nathan.russell@yahoo.com,211020.0
9896,Austin,Webb,35,austin.webb@gmail.com,113921.74
9897,Blake,West,36,blake.west@enterprise.com,203046.27
9898,Samantha,Sanchez,61,samantha.sanchez@enterprise.com,219930.54
9899,Patrick,Scott,34,patrick.scott@gmail.com,129583.68
9900,Logan,Ortiz,55,logan.ortiz@outlook.com,129313.88
9901,Ian,Rivera,37,ian.rivera@yahoo.com,102939.41
9902,Jordan,West,50,jordan.west@outlook.com,60839.15
9903,Tyler,Mitchell,37,tyler.mitchell@company.com,204480.16
9904,Chase,Collins,70,chase.collins@enterprise.com,217208.05
9905,Emma,Grant,57,emma.grant@hotmail.com,111419.15
9906,John,Murray,51,john.murray@outlook.com,88318.61
9907,Rachel,Ferguson,63,rachel.ferguson@gmail.com,155652.04
9908,Sierra,Gray,28,sierra.gray@yahoo.com,60579.17
9909,Gregory,Ortiz,24,gregory.ortiz@yahoo.com,209461.41
9910,Jeffrey,Mason,24,jeffrey.mason@hotmail.com,218375.1
9911,Matthew,Marshall,60,matthew.marshall@hotmail.com,108843.39
9912,Katherine,Knight,29,katherine.knight@gmail.com,106384.98
9913,Cole,Hall,48,cole.hall@enterprise.com,129081.97
9914,Emma,Gray,45,emma.gray@enterprise.com,229395.32
9915,Blake,Brooks,55,blake.brooks@company.com,120353.6
9916,Jasmine,Garcia,30,jasmine.garcia@company.com,171896.56
9917,Anthony,Gray,41,anthony.gray@enterprise.com,123420.3
9918,Taylor,Hayes,45,taylor.hayes@yahoo.com,39195.44
9919,Daniel,Grant,43,daniel.grant@gmail.com,238057.01
9920,Andrea,Lewis,29,andrea.lewis@hotmail.com,225629.27
9921,Paige,Hicks,39,paige.hicks@hotmail.com,202456.71
9922,Katelyn,Simpson,63,katelyn.simpson@gmail.com,233546.62
9923,Tiffany,Roberts,56,tiffany.roberts@yahoo.com,223879.78
9924,Kimberly,Cole,53,kimberly.cole@hotmail.com,38900.22
9925,Steven,Brown,59,steven.brown@yahoo.com,167827.01
9926,Heather,Bryant,39,heather.bryant@hotmail.com,242546.8
9927,Danielle,Green,32,danielle.green@enterprise.com,242955.67
9928,Lauren,Ramos,63,lauren.ramos@enterprise.com,130232.3
9929,John,Murphy,40,john.murphy@yahoo.com,224792.75
9930,Michelle,Young,34,michelle.young@enterprise.com,245203.36
9931,Allison,Rodriguez,36,allison.rodriguez@enterprise.com,147456.21
9932,Faith,Murray,42,faith.murray@company.com,19738.94
9933,Sarah,Peterson,33,sarah.peterson@company.com,249351.6
9934,Colin,Patterson,58,colin.patterson@yahoo.com,204571.4
9935,Steven,Rodriguez,24,steven.rodriguez@outlook.com,218560.33
9936,Katelyn,Crawford,58,katelyn.crawford@outlook.com,70944.92
9937,Joshua,Collins,48,joshua.collins@enterprise.com,169974.16
9938,Daniel,Parker,33,daniel.parker@gmail.com,217439.49
9939,Kelsey,Mcdonald,54,kelsey.mcdonald@gmail.com,206831.35
9940,Eric,Gonzalez,69,eric.gonzalez@yahoo.com,120053.09
9941,Angela,West,47,angela.west@yahoo.com,126549.8
9942,William,Lee,54,william.lee@hotmail.com,63738.2
9943,John,King,35,john.king@outlook.com,107134.18
9944,Timothy,Barnes,27,timothy.barnes@outlook.com,31637.5
9945,Caleb,Wood,64,caleb.wood@enterprise.com,118842.47
9946,Ryan,Davis,53,ryan.davis@enterprise.com,129287.14
9947,Brooke,Young,57,brooke.young@hotmail.com,166605.13
9948,Tiffany,Owens,61,tiffany.owens@gmail.com,216670.36
9949,Kyle,Patterson,42,kyle.patterson@company.com,49753.69
9950,Samantha,Webb,59,samantha.webb@enterprise.com,21428.36
9951,Faith,Russell,35,faith.russell@outlook.com,185923.35
9952,Paige,Brooks,55,paige.brooks@enterprise.com,39154.78
9953,Kevin,Reyes,61,kevin.reyes@hotmail.com,118159.11
9954,Taylor,Lee,43,taylor.lee@hotmail.com,88279.13
9955,Blake,Porter,23,blake.porter@hotmail.com,56951.59
9956,Rachel,Barnes,28,rachel.barnes@gmail.com,113306.26
9957,Nathan,Torres,30,nathan.torres@enterprise.com,146375.38
9958,Katherine,Gordon,30,katherine.gordon@company.com,87538.6
9959,Nicole,Johnson,27,nicole.johnson@company.com,225436.71
9960,Chase,Palmer,62,chase.palmer@company.com,52666.58
9961,Logan,Tucker,47,logan.tucker@enterprise.com,120515.47
9962,Donna,Butler,29,donna.butler@outlook.com,19495.45
9963,Amy,Johnson,27,amy.johnson@outlook.com,131545.58
9964,Jessica,Foster,30,jessica.foster@gmail.com,60905.53
9965,Vanessa,Hernandez,69,vanessa.hernandez@outlook.com,95632.46
9966,Brenda,Webb,45,brenda.webb@company.com,194870.43
9967,Kenneth,Reynolds,41,kenneth.reynolds@gmail.com,106781.89
9968,Natalie,Griffin,26,natalie.griffin@company.com,201533.15
9969,Katherine,Hall,27,katherine.hall@enterprise.com,169468.3
9970,Rachel,Price,59,rachel.price@outlook.com,48906.02
9971,Matthew,Gray,23,matthew.gray@enterprise.com,114296.96
9972,Jose,Baker,53,jose.baker@gmail.com,161418.77
9973,Paige,Phillips,32,paige.phillips@hotmail.com,29789.54
9974,Natalie,Phillips,23,natalie.phillips@gmail.com,181205.99
9975,Rebecca,Long,25,rebecca.long@yahoo.com,34617.03
9976,Blake,Watson,49,blake.watson@yahoo.com,67722.4
9977,Peter,Murphy,64,peter.murphy@outlook.com,231014.13
9978,Patrick,Garcia,30,patrick.garcia@gmail.com,56262.12
9979,Emma,Rivera,60,emma.rivera@hotmail.com,90240.89
9980,Jose,Cox,59,jose.cox@enterprise.com,52381.56
9981,Carol,Miller,55,carol.miller@hotmail.com,204799.32
9982,Victoria,Ross,40,victoria.ross@gmail.com,59519.29
9983,Megan,Washington,48,megan.washington@outlook.com,147061.57
9984,Stephanie,Long,30,stephanie.long@yahoo.com,85541.96
9985,Jonathan,Washington,36,jonathan.washington@outlook.com,44691.85
9986,Donna,Simmons,56,donna.simmons@outlook.com,150786.79
9987,Caleb,Freeman,47,caleb.freeman@company.com,193240.79
9988,Tiffany,Allen,22,tiffany.allen@gmail.com,190265.53
9989,Katherine,Cole,60,katherine.cole@enterprise.com,150833.95
9990,Daniel,Reyes,25,daniel.reyes@outlook.com,94222.02
9991,Gregory,Smith,46,gregory.smith@gmail.com,208472.21
9992,Lisa,Collins,46,lisa.collins@yahoo.com,141915.78
9993,Devin,Cook,67,devin.cook@gmail.com,204956.26
9994,Gabrielle,Alexander,42,gabrielle.alexander@outlook.com,143162.57
9995,Cynthia,Richardson,41,cynthia.richardson@enterprise.com,236259.7
9996,Destiny,Burns,59,destiny.burns@gmail.com,73652.75
9997,Taylor,Powell,61,taylor.powell@yahoo.com,236208.6
9998,Sydney,Crawford,69,sydney.crawford@enterprise.com,190268.7
9999,Jessica,Bryant,64,jessica.bryant@yahoo.com,171545.96
10000,Chase,Morris,29,chase.morris@yahoo.com,56406.7
